{
  "id": "3618271",
  "name": "Audi-Dashboard",
  "font_family": "Audi-Dashboard",
  "css_prefix_text": "icon-",
  "description": "",
  "glyphs": [
    {
      "icon_id": "31966784",
      "name": "chart-pie",
      "font_class": "chart-pie",
      "unicode": "e631",
      "unicode_decimal": 58929
    },
    {
      "icon_id": "31966785",
      "name": "factory-building",
      "font_class": "factory-building",
      "unicode": "e632",
      "unicode_decimal": 58930
    },
    {
      "icon_id": "31966787",
      "name": "network-tree",
      "font_class": "network-tree",
      "unicode": "e633",
      "unicode_decimal": 58931
    },
    {
      "icon_id": "31966788",
      "name": "edit",
      "font_class": "edit",
      "unicode": "e634",
      "unicode_decimal": 58932
    },
    {
      "icon_id": "31966789",
      "name": "user-business",
      "font_class": "user-business",
      "unicode": "e635",
      "unicode_decimal": 58933
    },
    {
      "icon_id": "31899303",
      "name": "doublearrow02 (Stroke)",
      "font_class": "a-doublearrow02Stroke",
      "unicode": "e61d",
      "unicode_decimal": 58909
    },
    {
      "icon_id": "31899304",
      "name": "doublearrow01 (Stroke)",
      "font_class": "a-doublearrow01Stroke",
      "unicode": "e61e",
      "unicode_decimal": 58910
    },
    {
      "icon_id": "31899305",
      "name": "doublearrow04",
      "font_class": "doublearrow04",
      "unicode": "e61f",
      "unicode_decimal": 58911
    },
    {
      "icon_id": "31899306",
      "name": "upside",
      "font_class": "upside",
      "unicode": "e620",
      "unicode_decimal": 58912
    },
    {
      "icon_id": "31899307",
      "name": "downside",
      "font_class": "downside",
      "unicode": "e621",
      "unicode_decimal": 58913
    },
    {
      "icon_id": "31899308",
      "name": "strech",
      "font_class": "strech",
      "unicode": "e622",
      "unicode_decimal": 58914
    },
    {
      "icon_id": "31899309",
      "name": "menu-XS-dark",
      "font_class": "menu-XS-dark",
      "unicode": "e623",
      "unicode_decimal": 58915
    },
    {
      "icon_id": "31899310",
      "name": "doublearrow03",
      "font_class": "doublearrow03",
      "unicode": "e624",
      "unicode_decimal": 58916
    },
    {
      "icon_id": "31899311",
      "name": "upload",
      "font_class": "upload",
      "unicode": "e625",
      "unicode_decimal": 58917
    },
    {
      "icon_id": "31899312",
      "name": "setting",
      "font_class": "setting",
      "unicode": "e626",
      "unicode_decimal": 58918
    },
    {
      "icon_id": "31899328",
      "name": "edit-two",
      "font_class": "edit-two",
      "unicode": "e627",
      "unicode_decimal": 58919
    },
    {
      "icon_id": "31899329",
      "name": "info",
      "font_class": "info",
      "unicode": "e628",
      "unicode_decimal": 58920
    },
    {
      "icon_id": "31899330",
      "name": "abnormal",
      "font_class": "abnormal",
      "unicode": "e629",
      "unicode_decimal": 58921
    },
    {
      "icon_id": "31899331",
      "name": "plus",
      "font_class": "plus",
      "unicode": "e62a",
      "unicode_decimal": 58922
    },
    {
      "icon_id": "31899332",
      "name": "finance",
      "font_class": "finance",
      "unicode": "e62b",
      "unicode_decimal": 58923
    },
    {
      "icon_id": "31899333",
      "name": "minus",
      "font_class": "minus",
      "unicode": "e62c",
      "unicode_decimal": 58924
    },
    {
      "icon_id": "31899334",
      "name": "classroom",
      "font_class": "classroom",
      "unicode": "e62d",
      "unicode_decimal": 58925
    },
    {
      "icon_id": "31899335",
      "name": "search",
      "font_class": "search1",
      "unicode": "e62e",
      "unicode_decimal": 58926
    },
    {
      "icon_id": "31899336",
      "name": "preview-open",
      "font_class": "preview-open",
      "unicode": "e62f",
      "unicode_decimal": 58927
    },
    {
      "icon_id": "31899337",
      "name": "preview-close-one",
      "font_class": "preview-close-one",
      "unicode": "e630",
      "unicode_decimal": 58928
    },
    {
      "icon_id": "31546582",
      "name": "close",
      "font_class": "close",
      "unicode": "e605",
      "unicode_decimal": 58885
    },
    {
      "icon_id": "31546583",
      "name": "add-one",
      "font_class": "add-one",
      "unicode": "e606",
      "unicode_decimal": 58886
    },
    {
      "icon_id": "31546584",
      "name": "calendar-dot",
      "font_class": "calendar-dot",
      "unicode": "e607",
      "unicode_decimal": 58887
    },
    {
      "icon_id": "31546585",
      "name": "file-pdf",
      "font_class": "file-pdf",
      "unicode": "e608",
      "unicode_decimal": 58888
    },
    {
      "icon_id": "31546586",
      "name": "calculator",
      "font_class": "calculator",
      "unicode": "e609",
      "unicode_decimal": 58889
    },
    {
      "icon_id": "31546587",
      "name": "download",
      "font_class": "download",
      "unicode": "e60a",
      "unicode_decimal": 58890
    },
    {
      "icon_id": "31546588",
      "name": "close-one",
      "font_class": "close-one",
      "unicode": "e60b",
      "unicode_decimal": 58891
    },
    {
      "icon_id": "31546589",
      "name": "down",
      "font_class": "down",
      "unicode": "e60c",
      "unicode_decimal": 58892
    },
    {
      "icon_id": "31546590",
      "name": "analysis",
      "font_class": "analysis",
      "unicode": "e60d",
      "unicode_decimal": 58893
    },
    {
      "icon_id": "31546591",
      "name": "left",
      "font_class": "left",
      "unicode": "e60e",
      "unicode_decimal": 58894
    },
    {
      "icon_id": "31546592",
      "name": "system",
      "font_class": "system",
      "unicode": "e60f",
      "unicode_decimal": 58895
    },
    {
      "icon_id": "31546593",
      "name": "config",
      "font_class": "config",
      "unicode": "e610",
      "unicode_decimal": 58896
    },
    {
      "icon_id": "31546594",
      "name": "up",
      "font_class": "up",
      "unicode": "e611",
      "unicode_decimal": 58897
    },
    {
      "icon_id": "31546595",
      "name": "glasses",
      "font_class": "glasses",
      "unicode": "e612",
      "unicode_decimal": 58898
    },
    {
      "icon_id": "31546596",
      "name": "right",
      "font_class": "right",
      "unicode": "e613",
      "unicode_decimal": 58899
    },
    {
      "icon_id": "31546597",
      "name": "reduce-two",
      "font_class": "reduce-two",
      "unicode": "e614",
      "unicode_decimal": 58900
    },
    {
      "icon_id": "31546598",
      "name": "align-text-both-one",
      "font_class": "align-text-both-one",
      "unicode": "e615",
      "unicode_decimal": 58901
    },
    {
      "icon_id": "31546599",
      "name": "user",
      "font_class": "user",
      "unicode": "e616",
      "unicode_decimal": 58902
    },
    {
      "icon_id": "31546600",
      "name": "time",
      "font_class": "time",
      "unicode": "e617",
      "unicode_decimal": 58903
    },
    {
      "icon_id": "31546601",
      "name": "search",
      "font_class": "search",
      "unicode": "e618",
      "unicode_decimal": 58904
    },
    {
      "icon_id": "31546602",
      "name": "setting-two",
      "font_class": "setting-two",
      "unicode": "e619",
      "unicode_decimal": 58905
    },
    {
      "icon_id": "31546603",
      "name": "space-colony",
      "font_class": "space-colony",
      "unicode": "e61a",
      "unicode_decimal": 58906
    },
    {
      "icon_id": "31546604",
      "name": "round-socket",
      "font_class": "round-socket",
      "unicode": "e61b",
      "unicode_decimal": 58907
    },
    {
      "icon_id": "31546605",
      "name": "file-txt",
      "font_class": "file-txt",
      "unicode": "e61c",
      "unicode_decimal": 58908
    }
  ]
}
