{
  "id": "3865318",
  "name": "Audi-Dash",
  "font_family": "Audi-Dash",
  "css_prefix_text": "Audi-Dash",
  "description": "Audi-Dash",
  "glyphs": [
    {
      "icon_id": "35011121",
      "name": "Treeselect",
      "font_class": "a-Frame3923996",
      "unicode": "eaaf",
      "unicode_decimal": 60079
    },
    {
      "icon_id": "34923560",
      "name": "close",
      "font_class": "close1",
      "unicode": "eaae",
      "unicode_decimal": 60078
    },
    {
      "icon_id": "34161015",
      "name": "Frame 3923890",
      "font_class": "a-Frame3923890",
      "unicode": "eaad",
      "unicode_decimal": 60077
    },
    {
      "icon_id": "34092015",
      "name": "close-one",
      "font_class": "close-one",
      "unicode": "eaa5",
      "unicode_decimal": 60069
    },
    {
      "icon_id": "34092016",
      "name": "down",
      "font_class": "down1",
      "unicode": "eaa6",
      "unicode_decimal": 60070
    },
    {
      "icon_id": "34092017",
      "name": "file-excel",
      "font_class": "file-excel",
      "unicode": "eaa7",
      "unicode_decimal": 60071
    },
    {
      "icon_id": "34092018",
      "name": "hamburger-button",
      "font_class": "hamburger-button",
      "unicode": "eaa8",
      "unicode_decimal": 60072
    },
    {
      "icon_id": "34092019",
      "name": "left",
      "font_class": "left",
      "unicode": "eaa9",
      "unicode_decimal": 60073
    },
    {
      "icon_id": "34092020",
      "name": "webcam",
      "font_class": "webcam",
      "unicode": "eaaa",
      "unicode_decimal": 60074
    },
    {
      "icon_id": "34092021",
      "name": "save-one",
      "font_class": "save-one",
      "unicode": "eaab",
      "unicode_decimal": 60075
    },
    {
      "icon_id": "34092022",
      "name": "right",
      "font_class": "right",
      "unicode": "eaac",
      "unicode_decimal": 60076
    },
    {
      "icon_id": "33803933",
      "name": "activity-source",
      "font_class": "activity-source",
      "unicode": "e680",
      "unicode_decimal": 59008
    },
    {
      "icon_id": "33803934",
      "name": "adjacent-item",
      "font_class": "adjacent-item",
      "unicode": "e681",
      "unicode_decimal": 59009
    },
    {
      "icon_id": "33803936",
      "name": "add-one",
      "font_class": "add-one",
      "unicode": "e683",
      "unicode_decimal": 59011
    },
    {
      "icon_id": "33803937",
      "name": "application-two",
      "font_class": "application-two",
      "unicode": "e684",
      "unicode_decimal": 59012
    },
    {
      "icon_id": "33803938",
      "name": "background-color",
      "font_class": "background-color",
      "unicode": "e685",
      "unicode_decimal": 59013
    },
    {
      "icon_id": "33803939",
      "name": "abnormal",
      "font_class": "abnormal",
      "unicode": "e686",
      "unicode_decimal": 59014
    },
    {
      "icon_id": "33803940",
      "name": "bank-card-two",
      "font_class": "bank-card-two",
      "unicode": "e687",
      "unicode_decimal": 59015
    },
    {
      "icon_id": "33803941",
      "name": "bookmark",
      "font_class": "bookmark",
      "unicode": "e688",
      "unicode_decimal": 59016
    },
    {
      "icon_id": "33803942",
      "name": "add",
      "font_class": "add",
      "unicode": "e689",
      "unicode_decimal": 59017
    },
    {
      "icon_id": "33803943",
      "name": "close",
      "font_class": "close",
      "unicode": "e68a",
      "unicode_decimal": 59018
    },
    {
      "icon_id": "33803944",
      "name": "bill",
      "font_class": "bill",
      "unicode": "e68b",
      "unicode_decimal": 59019
    },
    {
      "icon_id": "33803945",
      "name": "credit",
      "font_class": "credit",
      "unicode": "e68c",
      "unicode_decimal": 59020
    },
    {
      "icon_id": "33803946",
      "name": "check-correct",
      "font_class": "check-correct",
      "unicode": "e68d",
      "unicode_decimal": 59021
    },
    {
      "icon_id": "33803947",
      "name": "category-management",
      "font_class": "category-management",
      "unicode": "e68e",
      "unicode_decimal": 59022
    },
    {
      "icon_id": "33803948",
      "name": "chart-scatter",
      "font_class": "chart-scatter",
      "unicode": "e68f",
      "unicode_decimal": 59023
    },
    {
      "icon_id": "33803949",
      "name": "bank-card-one",
      "font_class": "bank-card-one",
      "unicode": "e690",
      "unicode_decimal": 59024
    },
    {
      "icon_id": "33803950",
      "name": "check-one",
      "font_class": "check-one",
      "unicode": "e691",
      "unicode_decimal": 59025
    },
    {
      "icon_id": "33803951",
      "name": "diamond-three",
      "font_class": "diamond-three",
      "unicode": "e692",
      "unicode_decimal": 59026
    },
    {
      "icon_id": "33803952",
      "name": "book-open",
      "font_class": "book-open",
      "unicode": "e693",
      "unicode_decimal": 59027
    },
    {
      "icon_id": "33803953",
      "name": "card-two",
      "font_class": "card-two",
      "unicode": "e694",
      "unicode_decimal": 59028
    },
    {
      "icon_id": "33803955",
      "name": "bookmark-one",
      "font_class": "bookmark-one",
      "unicode": "e696",
      "unicode_decimal": 59030
    },
    {
      "icon_id": "33803956",
      "name": "delete",
      "font_class": "delete",
      "unicode": "e697",
      "unicode_decimal": 59031
    },
    {
      "icon_id": "33803957",
      "name": "corner-up-right",
      "font_class": "corner-up-right",
      "unicode": "e698",
      "unicode_decimal": 59032
    },
    {
      "icon_id": "33803958",
      "name": "delete-three",
      "font_class": "delete-three",
      "unicode": "e699",
      "unicode_decimal": 59033
    },
    {
      "icon_id": "33803959",
      "name": "delete-one",
      "font_class": "delete-one",
      "unicode": "e69a",
      "unicode_decimal": 59034
    },
    {
      "icon_id": "33803960",
      "name": "data-user",
      "font_class": "data-user",
      "unicode": "e69b",
      "unicode_decimal": 59035
    },
    {
      "icon_id": "33803961",
      "name": "experiment-one",
      "font_class": "experiment-one",
      "unicode": "e69c",
      "unicode_decimal": 59036
    },
    {
      "icon_id": "33803962",
      "name": "calendar-dot",
      "font_class": "calendar-dot",
      "unicode": "e69d",
      "unicode_decimal": 59037
    },
    {
      "icon_id": "33803963",
      "name": "bookshelf",
      "font_class": "bookshelf",
      "unicode": "e69e",
      "unicode_decimal": 59038
    },
    {
      "icon_id": "33803964",
      "name": "find",
      "font_class": "find",
      "unicode": "e69f",
      "unicode_decimal": 59039
    },
    {
      "icon_id": "33803965",
      "name": "edit-one",
      "font_class": "edit-one",
      "unicode": "e6a0",
      "unicode_decimal": 59040
    },
    {
      "icon_id": "33803966",
      "name": "hashtag-key",
      "font_class": "hashtag-key",
      "unicode": "e6a1",
      "unicode_decimal": 59041
    },
    {
      "icon_id": "33803967",
      "name": "font-size-two",
      "font_class": "font-size-two",
      "unicode": "e6a2",
      "unicode_decimal": 59042
    },
    {
      "icon_id": "33803968",
      "name": "down-small",
      "font_class": "down-small",
      "unicode": "e6a3",
      "unicode_decimal": 59043
    },
    {
      "icon_id": "33803969",
      "name": "down",
      "font_class": "down",
      "unicode": "e6a4",
      "unicode_decimal": 59044
    },
    {
      "icon_id": "33803970",
      "name": "minus",
      "font_class": "minus",
      "unicode": "e6a5",
      "unicode_decimal": 59045
    },
    {
      "icon_id": "33803971",
      "name": "mark",
      "font_class": "mark",
      "unicode": "e6a6",
      "unicode_decimal": 59046
    },
    {
      "icon_id": "33803972",
      "name": "excel",
      "font_class": "excel",
      "unicode": "e6a7",
      "unicode_decimal": 59047
    },
    {
      "icon_id": "33803973",
      "name": "file-pdf",
      "font_class": "file-pdf",
      "unicode": "e6a8",
      "unicode_decimal": 59048
    },
    {
      "icon_id": "33803974",
      "name": "every-user",
      "font_class": "every-user",
      "unicode": "e6a9",
      "unicode_decimal": 59049
    },
    {
      "icon_id": "33803975",
      "name": "insert-table",
      "font_class": "insert-table",
      "unicode": "e6aa",
      "unicode_decimal": 59050
    },
    {
      "icon_id": "33803976",
      "name": "emotion-happy",
      "font_class": "emotion-happy",
      "unicode": "e6ab",
      "unicode_decimal": 59051
    },
    {
      "icon_id": "33803977",
      "name": "edit",
      "font_class": "edit",
      "unicode": "e6ac",
      "unicode_decimal": 59052
    },
    {
      "icon_id": "33803978",
      "name": "page-template",
      "font_class": "page-template",
      "unicode": "e6ad",
      "unicode_decimal": 59053
    },
    {
      "icon_id": "33803979",
      "name": "doc-search-two",
      "font_class": "doc-search-two",
      "unicode": "e6ae",
      "unicode_decimal": 59054
    },
    {
      "icon_id": "33803980",
      "name": "info",
      "font_class": "info",
      "unicode": "e6af",
      "unicode_decimal": 59055
    },
    {
      "icon_id": "33803981",
      "name": "send-to-back",
      "font_class": "send-to-back",
      "unicode": "e6b0",
      "unicode_decimal": 59056
    },
    {
      "icon_id": "33803982",
      "name": "preview-close",
      "font_class": "preview-close",
      "unicode": "e6b1",
      "unicode_decimal": 59057
    },
    {
      "icon_id": "33803983",
      "name": "iphone",
      "font_class": "iphone",
      "unicode": "e6b2",
      "unicode_decimal": 59058
    },
    {
      "icon_id": "33803984",
      "name": "search-1",
      "font_class": "search-1",
      "unicode": "e6b3",
      "unicode_decimal": 59059
    },
    {
      "icon_id": "33803985",
      "name": "financing",
      "font_class": "financing",
      "unicode": "e6b4",
      "unicode_decimal": 59060
    },
    {
      "icon_id": "33803986",
      "name": "notes",
      "font_class": "notes",
      "unicode": "e6b5",
      "unicode_decimal": 59061
    },
    {
      "icon_id": "33803987",
      "name": "people-safe-one",
      "font_class": "people-safe-one",
      "unicode": "e6b6",
      "unicode_decimal": 59062
    },
    {
      "icon_id": "33803988",
      "name": "open-one",
      "font_class": "open-one",
      "unicode": "e6b7",
      "unicode_decimal": 59063
    },
    {
      "icon_id": "33803989",
      "name": "list-top",
      "font_class": "list-top",
      "unicode": "e6b8",
      "unicode_decimal": 59064
    },
    {
      "icon_id": "33803990",
      "name": "expand-text-input",
      "font_class": "expand-text-input",
      "unicode": "e6b9",
      "unicode_decimal": 59065
    },
    {
      "icon_id": "33803991",
      "name": "handwashing",
      "font_class": "handwashing",
      "unicode": "e6ba",
      "unicode_decimal": 59066
    },
    {
      "icon_id": "33803992",
      "name": "message-one",
      "font_class": "message-one",
      "unicode": "e6bb",
      "unicode_decimal": 59067
    },
    {
      "icon_id": "33803993",
      "name": "setting-one-1",
      "font_class": "setting-one-1",
      "unicode": "e6bc",
      "unicode_decimal": 59068
    },
    {
      "icon_id": "33803994",
      "name": "time-1",
      "font_class": "time-1",
      "unicode": "e6bd",
      "unicode_decimal": 59069
    },
    {
      "icon_id": "33803995",
      "name": "phone-telephone",
      "font_class": "phone-telephone",
      "unicode": "e6be",
      "unicode_decimal": 59070
    },
    {
      "icon_id": "33803996",
      "name": "move-in-one",
      "font_class": "move-in-one",
      "unicode": "e6bf",
      "unicode_decimal": 59071
    },
    {
      "icon_id": "33803997",
      "name": "local-pin",
      "font_class": "local-pin",
      "unicode": "e6c0",
      "unicode_decimal": 59072
    },
    {
      "icon_id": "33803998",
      "name": "preview-open",
      "font_class": "preview-open",
      "unicode": "e6c1",
      "unicode_decimal": 59073
    },
    {
      "icon_id": "33803999",
      "name": "people-speak",
      "font_class": "people-speak",
      "unicode": "e6c2",
      "unicode_decimal": 59074
    },
    {
      "icon_id": "33804000",
      "name": "search",
      "font_class": "search",
      "unicode": "e6c3",
      "unicode_decimal": 59075
    },
    {
      "icon_id": "33804001",
      "name": "preview-open-1",
      "font_class": "preview-open-1",
      "unicode": "e6c4",
      "unicode_decimal": 59076
    },
    {
      "icon_id": "33804002",
      "name": "star",
      "font_class": "star",
      "unicode": "e6c5",
      "unicode_decimal": 59077
    },
    {
      "icon_id": "33804003",
      "name": "setting-one",
      "font_class": "setting-one",
      "unicode": "e6c6",
      "unicode_decimal": 59078
    },
    {
      "icon_id": "33804004",
      "name": "switch-one",
      "font_class": "switch-one",
      "unicode": "e6c7",
      "unicode_decimal": 59079
    },
    {
      "icon_id": "33804005",
      "name": "union-selection",
      "font_class": "union-selection",
      "unicode": "e6c8",
      "unicode_decimal": 59080
    },
    {
      "icon_id": "33804006",
      "name": "permissions",
      "font_class": "permissions",
      "unicode": "e6c9",
      "unicode_decimal": 59081
    },
    {
      "icon_id": "33804007",
      "name": "plus",
      "font_class": "plus",
      "unicode": "e6ca",
      "unicode_decimal": 59082
    },
    {
      "icon_id": "33804008",
      "name": "user",
      "font_class": "user",
      "unicode": "e6cb",
      "unicode_decimal": 59083
    },
    {
      "icon_id": "33804009",
      "name": "subtract-selection",
      "font_class": "subtract-selection",
      "unicode": "e6cc",
      "unicode_decimal": 59084
    },
    {
      "icon_id": "33804010",
      "name": "user-business",
      "font_class": "user-business",
      "unicode": "e6cd",
      "unicode_decimal": 59085
    },
    {
      "icon_id": "33804011",
      "name": "split",
      "font_class": "split",
      "unicode": "e6ce",
      "unicode_decimal": 59086
    },
    {
      "icon_id": "33804012",
      "name": "report",
      "font_class": "report",
      "unicode": "e6cf",
      "unicode_decimal": 59087
    },
    {
      "icon_id": "33804013",
      "name": "solar-energy",
      "font_class": "solar-energy",
      "unicode": "e6d0",
      "unicode_decimal": 59088
    },
    {
      "icon_id": "33804014",
      "name": "time",
      "font_class": "time",
      "unicode": "e6d1",
      "unicode_decimal": 59089
    },
    {
      "icon_id": "33804015",
      "name": "up-small",
      "font_class": "up-small",
      "unicode": "e6d2",
      "unicode_decimal": 59090
    },
    {
      "icon_id": "33804016",
      "name": "switch-button",
      "font_class": "switch-button",
      "unicode": "e6d3",
      "unicode_decimal": 59091
    },
    {
      "icon_id": "33804017",
      "name": "user-positioning",
      "font_class": "user-positioning",
      "unicode": "e6d4",
      "unicode_decimal": 59092
    },
    {
      "icon_id": "33804018",
      "name": "swipe",
      "font_class": "swipe",
      "unicode": "e6d5",
      "unicode_decimal": 59093
    },
    {
      "icon_id": "33804019",
      "name": "tickets-checked",
      "font_class": "tickets-checked",
      "unicode": "e6d6",
      "unicode_decimal": 59094
    },
    {
      "icon_id": "33804020",
      "name": "setting-two",
      "font_class": "setting-two",
      "unicode": "e6d7",
      "unicode_decimal": 59095
    },
    {
      "icon_id": "33803231",
      "name": "resize-increase",
      "font_class": "resize-increase",
      "unicode": "e67a",
      "unicode_decimal": 59002
    },
    {
      "icon_id": "33803232",
      "name": "ellipsis",
      "font_class": "ellipsis",
      "unicode": "e67b",
      "unicode_decimal": 59003
    },
    {
      "icon_id": "33803233",
      "name": "menu-XS-dark",
      "font_class": "menu-XS-dark",
      "unicode": "e67c",
      "unicode_decimal": 59004
    },
    {
      "icon_id": "33803234",
      "name": "Vector",
      "font_class": "Vector",
      "unicode": "e67d",
      "unicode_decimal": 59005
    },
    {
      "icon_id": "33803235",
      "name": "Vector-1",
      "font_class": "Vector-1",
      "unicode": "e67e",
      "unicode_decimal": 59006
    },
    {
      "icon_id": "33803236",
      "name": "settings",
      "font_class": "settings",
      "unicode": "e67f",
      "unicode_decimal": 59007
    }
  ]
}
